event_name,location,date_time,phone,email
AFRICAN PROSPERITY DIALOGUES (APD) 2026,Accra International Conference Centre,"Wed, Feb 4. 9AM - Fri 5PM",,
Becoming A Digital Marketer,Zoom,"Fri, Feb 6. 10AM - Sat 1PM",,
"Kwame Koda: BEHIND THE LENS, Music Video BreakDown",The Akuna Group,"Fri, Feb 6. 6PM - 8PM",+233592245321,visionsuntopia@gmaill.com
Seli's Bistro presents Monthly Life Band Music with Cedi Band,Seli's Bistro,"Fri, Feb 6. 7PM - Sat 12AM",053 733 4051,contact@seliscafe.com
Karaoke Night,CEDAR,"Fri, Feb 6. 7PM - Sat 1AM",,
"BEATS, BUBBLES, BITES","7 Kofi Annan Street, Accra, Ghana","Fri, Feb 6. 7:30PM - 10:30PM",+233 55 498 7042,akwaaba@motherland.global
Seli's Bistro presents Dutty Groove Friday,Seli's Bistro,"Fri, Feb 6. 8PM - Sat 1AM",053 733 4051,contact@seliscafe.com
ALTO with OLIVETHEBOY,Luna Rooftop Bar,"Fri, Feb 6. 9PM - Sat 5AM",,
808 & Heatbreak,Ghud Park,"Sat, Feb 7. 5AM - 11AM",,
Pilates & Aqua Aerobics Class,Pulse Fitness,"Sat, Feb 7. 7AM - 11AM",,
Color Coded Collection Beach Clean Up,Kusum Royal Beach,"Sat, Feb 7. 7AM - 12PM",0508647357,sugarsandsocietyafrica@gmail.com
Taco 'Bout It Night -Aburi,SkyFall,"Sat, Feb 7. 3PM - 9PM",+233 50 320 0968,TheBigSankofa@gmail.com
Good Vibes Only Saturdays,The Lenox Bar and Restaurant (Ghana),"Sat, Feb 7. 7PM - Sun 1AM",,
LINK UP 9.0 FESTIVAL,"CAPITAL PUB, BEHIND COCA-COLA DEPOT- HOHOE","Sat, Feb 7. 9PM - Sun 5AM",,
LADIES Night,1102 Night Club,"Sat, Feb 7. 11PM - Sun 4AM",,
LIQUOR IN CUP PARTY,SPARROW PUB OPPOSITE,"Sun, Feb 8. 9PM - Mon 3AM",,
5X Your Sales Selling Digital Product PRO,Virtual,"Mon, Feb 9. 6PM - Fri 10PM",209087166,businessboostbootcamp@gmail.com
Romantic Piano Night,BELLA AFRIK Authentic Italian Restaurant,"Mon, Feb 9. 7PM - Tue 1AM",,
Drone Ignite Africa Summit 2026,Kempinski Hotel Gold Coast City Accra,"Tue, Feb 10. 9AM - Wed 3PM",,
WIN A CAR WITH BURLAND,Valor Motors Gh,"Tue, Feb 10. 12PM - Sun 12PM",,
Vanuatu Business and Pleasure Tour 2026,Vanuatu Trade Commission Ghana,"Tue, Feb 10. 12PM - Fri 7PM",,
Valentine's Weekend at Volta Vista,Volta Vista street,"Fri, Feb 13. 12PM - Sun 4PM",+2330538329262,voltavistabooking@gmail.com
Val’s day beach camping,Sunflower Lodge,"Fri, Feb 13. 12PM - Sun 12PM",,
Valentine's Weekend at Alisa,Alisa Hotel Tema,"Fri, Feb 13. 5PM - Sun 9PM",,
ADUBERKS LIVE IN CONCERT,Alliance Française d'Accra,"Fri, Feb 13. 6PM - Sat 12AM",0546132636,24barsinc@gmail.com
La Notte dell’Amore,Movenpick Ambassador Hotel Accra,"Fri, Feb 13. 6PM - 10PM",,
EUPHORIA,Lusso Privato Residence,"Fri, Feb 13. 7PM - Sat 4AM",059 825 2525,pleasuredrome.gh@gmail.com
Movie in The Park Valentine Edition,Bako Events Center,"Fri, Feb 13. 7PM - Sat 6AM",0549344408,gravitybargrill@gmail.com
GLOW FEST,NOVA GARDENS SRC HALL UCC,"Fri, Feb 13. 7PM - Sat 7AM",0545458943,glowfest25@gmail.com
MOVIES AT ALISA - VALENTINE'S DAY EDITION,Alisa Hotel North Ridge,"Fri, Feb 13. 7:30PM - 10PM",030 221 4233 / 050 131 7784,
UNI FEST,Pulas Lounge,"Fri, Feb 13. 8PM - Sat 8AM",,
Experience Two Waterfalls in One Day,Accra,"Sat, Feb 14. 6AM - 9PM",+233 53 775 1027,thrillsghana@gmail.com
Lovers Express: Setting the Tone,Tema Railway Station,"Sat, Feb 14. 8:30AM - 12PM",,
Accra Ramadan Souq 2026,Ghana National Mosque Complex,"Sat, Feb 14. 9AM - Sun 5PM",,
Kids and Teens Vision Board Party,The Enterprise Village,"Sat, Feb 14. 10AM - 12PM",+233531366589,josephine@enseignee.com
FINAL WHISTLE,Wembley Sports Complex,"Sat, Feb 14. 10:30AM - 5:30PM",,
Vision Lab Ghana - Visionboard Strategy Masterclass,Aburi,"Sat, Feb 14. 11AM - 1:30PM",,
PAADO iSLAND EXPERIENCE,Paado Island,"Sat, Feb 14. 12PM - 6PM",,
Play Dates by Pop It Ghana : Chocolate Day Edition,Coconut Embassy Beach,"Sat, Feb 14. 12PM - 2:30PM",0508647357,sugarsandsocietyafrica@gmail.com
"VALENTINE’S DAY EXPERIENCE - Paint, Plant, & Connect",W.E.B Du Bois Memorial Centre for Panafrican Culture - Ghana,"Sat, Feb 14. 2PM - 7PM",0543464086,Xclusiveevents.gh@gmail.com
Pop It Ghana : Chocolate Day Edition,Coconut Embassy Beach,"Sat, Feb 14. 3:30PM - 9:30PM",0508647357,sugarsandsocietyafrica@gmail.com
Chocolate Day Edition for Lovers and Friends,Coconut Embassy Beach,"Sat, Feb 14. 3:30PM - 10PM",+233508647357,sugarsandsocietyafrica@gmail.com
Run For Your Wife | A Valentine’s Day Comedy Play at Tadi Lovefest,The Palms by Eagles,"Sat, Feb 14. 4PM - 8PM",,
Balloon Pop or Love : Chocolate Day Edition,Coconut Embassy Beach,"Sat, Feb 14. 5:30PM - 9:30PM",0508647357,sugarsandsocietyafrica@gmail.com
The Blend Festival,Polo Club Gardens,"Sat, Feb 14. 6PM - Sun 12AM",,
Dinner Night,ICGC VINE TEMPLE,"Sat, Feb 14. 6:30PM - 10PM",,
Vitamilk Love Night: Kwabena Kwabena – ASO @20 Live,The Palms Convention Center,"Sat, Feb 14. 7PM - 11PM",,
Spyy Vals Vibe,Takoradi Mall Event Centre,"Sat, Feb 14. 7PM - Sun 5AM",208435662,j.kane2050@gmail.com
Beach Movie Night Under The Stars,Coconut Embassy Beach,"Sat, Feb 14. 7PM - 10PM",+233508647357,sugarsandsocietyafrica@gmail.com
Garden of Love movie in the park,Friendly gardens,"Sat, Feb 14. 7PM - Sun 12AM",0201859278 / 0559012508,bannermankwabena758@gmail.com
MOVIE IN THE PARK (VALS DAY EDITION),AQ3 Event and Game Center,"Sat, Feb 14. 8PM - Sun 6AM",0555614910,
GROOVES IN SOWETO,THE YARD,"Sat, Feb 14. 9PM - Sun 4AM",,
HEARTS & SOUND,Luna Rooftop Bar,"Sat, Feb 14. 9PM - Sun 3AM",0538544996,CTRLCOLLECTIVEGRP@GMAIL.COM
LOVE AFFAIRS,Swinging Safari,"Sat, Feb 14. 10PM - Sun 6AM",0558276660,hommiestribe@gmail.com
WEEKEND BRAI POWERED BY CASADEVIDA,No. 19 Accra Bar & Restaurant,"Sun, Feb 15. 1PM - 10PM",,
Love Games @Artopiia (A Dating Event for Creatives),Artopiia,"Sun, Feb 15. 2PM - 7PM",,
A Dazzling Evening of Art & Wine,AyiMensahPark Commercial space,"Sun, Feb 15. 5PM - 8PM",,
Mad in Love,MAD CLUB,"Sun, Feb 15. 11:30PM - Mon 6AM",0553802777,
Transformative Art: A Conversation with Ibrahim Mahama,NYU Accra Gardens,"Thu, Feb 19. 4:30PM - 9PM",,
Drive to Inspire Africa (DTI-A) NextUp Breakfast Meeting,Accra International Conference Centre,"Fri, Feb 20. 8AM - 10:30AM",,
UBT,Dansoman Round About Goil,"Fri, Feb 20. 10AM - 7PM",0200452589,aduseip76@gmail
The More The Merrier @ The African Regent Hotel,The African Regent,"Fri, Feb 20. 7PM - Sat 1AM",,
VENUS!,Glass Lounge,"Fri, Feb 20. 9PM - Sat 6AM",0208371078/0556877954,
The Gathering,Palace Mall,"Sat, Feb 21. 12PM - 7PM",,
Style Of Ghana,Alliance Française d'Accra,"Sat, Feb 21. 4PM - 11PM",+233244013204,styleofghana@gmail.com
Abusua Nkabom - Family Unity Networking Fun Day! BLACK HISTORY MONTH EDITION,Bathur Street Gardens,"Sun, Feb 22. 12PM - 6PM",,
Grill Master: Who’s Getting The Smoke,AyiMensahPark -Commercial Space,"Sun, Feb 22. 3PM - 7PM",+233 50 320 0968,TheBigSankofa@gmail.com
Church Media Masterclass – February 2026 Edition,"Dasein Practical School, Awoshie Branch","Fri, Feb 27. 10AM - Sat 4PM",0240249594,
Ghana Medical & Health Awards 2026,CLOGSAG HEAD QUARTERS GHANA,"Fri, Feb 27. 7PM - 10PM",,
O4GRIND REDROOM,REDROOM,"Sat, Feb 28. 12PM - Sun 12PM",,
Night of Love - Valentine Day Dinner,Lifeway Assemblies Of God,"Sat, Feb 28. 6PM - 9PM",0,lifewayassembly@gmail.com
STUMEETZUENR,the cabin lounge,"Sat, Feb 28. 8PM - Sun 6AM",,
,,,,
Freedom Night,Kwame Nkrumah Memorial Park & Mausoleum,"Thu, Mar 5. 6:30PM - 11:45PM",0530076746,info@knmp.gov.gh
LAKESIDE MARINA & HAPPY FM FAMILY FUN RUN,Lakeside Marina Park,"Fri, Mar 6. 6AM - 9:30AM",,
Independence Beach Party 057,Laboma Beach Resort,"Fri, Mar 6. 12PM - 7PM",,
Independence House Party,Philipo Guest House/ Air BnB,"Fri, Mar 6. 5PM - Sat 3AM",,
+233 XPERIENCE WITH MORGAN NERO,The Edge Pub peki,"Fri, Mar 6. 7PM - Sat 2:55AM",,
KickOff Fusion 3.0: Independence Day Edition,Brunei Sports Complex,"Fri, Mar 6. 8PM - Sat 4AM",+233534704939,atlasentertainmentgh@gmail.com
AFRO PENDENCE FESTIVAL,Pera Lounge and Bar,"Fri, Mar 6. 8PM - Sat 4AM",,
KENKEY FESTIVAL EDITION X 2026,Efua Sutherland Park,"Sat, Mar 7. 10AM - 11PM",,
Camp by the River,Kpando Torkor,"Sat, Mar 7. 12PM - Sun 4PM",,
WET N WILD,Fugo Bar And Restaurant,"Sat, Mar 7. 2PM - 10PM",0500079436,djrajah73@gmail.com
The Story House,Airforce junior ranks mess Burma camp,"Sat, Mar 7. 5PM - 9PM",,
IYES GHANA 2026,Ohene Konadu Auditorium - UPSA,"Tue, Mar 10. 12PM - Fri 12PM",,
New Africa Capital Forum 2026 - Ghana,Accra,"Thu, Mar 12. 8AM - Fri 7PM",+233248733508,info@vxperiences.com
Legacy Black Afro Festival 2026,Koforidua Technical University (The Summer Hut),"Sat, Mar 14. 9PM - Sun 5AM",,
Stories Of The Ancient Walls,"E. T. S. Drama Studio, University Of Ghana, Legon, Accra","Fri, Mar 20. 6PM - Sun 6PM",,
Crowned & Nurtured (CAN) 2026 – Hair & Beauty Edition,La Palm Royal Beach Hotel,"Sat, Mar 21. 10AM - 6PM",,
Hymns of Meditation & 10th Anniversary Launch,"THE CHURCH OF PENTECOST, KCC Kasoa Central Church","Sat, Mar 21. 4PM - 7:30PM",0544819979,kasoayouthchoir1@gmail.com
Good Ol' Days Fundraiser - Silver Jubilee Edition,"National Insurance Commission, Accra","Sat, Mar 21. 5PM - 11PM",,
NEWNESS 2026,Christ Apostolic Church International,"Sun, Mar 22. 4PM - 10PM",,
SINNERIA 003,Kokrobite,"Fri, Apr 3. 10AM - Sun 12PM",,
Sesema Splash,Passion Hotel,"Sat, Apr 4. 12:30PM - Sun 12AM",,
McLoi Impact Stars 2026,Hotel Joecarl,"Sat, Apr 4. 4PM - 10PM",,
BISA KDEI LIVE IN CONCERT,CCB Auditorium,"Sat, Apr 4. 7PM - Sun 4AM",,
ME FIRI KWABRE 2026 MEGA ALL WHITE PARTY,Honey Bite,"Sun, Apr 5. 6AM - Mon 12PM",+233256421009,djyoungblack838@gmail.com
KUMASI COMEDY SHOW (Easter '26 Edition),Longford Royal Centre,"Sun, Apr 5. 5:30PM - 10PM",,
The invasion with Daatey,Graceland hotel paga,"Sun, Apr 5. 8PM - Mon 8AM",+233546371817,apurikawiu@icloud.com
Foul Play,"E. T. S. Drama Studio, University Of Ghana, Legon, Accra","Fri, Apr 10. 6:25PM - 9PM",,
Ghana Play Festival. 2026 Edition,Mmofra Place,"Fri, Jul 3. 9AM - 6PM",0537611650,fiifiansah@marsawmedia.com
HUNTED RAVE HOUSE PARTY,CLASSIC HIDEOUT APARTMENT,"Fri, Jul 10. 1PM - Sat 5:30AM",,
DRC Annual Camp 2026,Anagkazo Campus,"Mon, Jul 27. 8AM - Sat 10AM",0206362864,adabahjunior@gmail.com
Africa VIP Gala,Private,"Thu, Sep 3. 12PM - Thu 12PM",,
The IP Show 3.0,TBAL,"Sat, Nov 28. 7PM - Sun 10PM",0267171555,mcmultimedia.biz@gmail.com
The Success Retreat,Sogakope Beach Resort & Spa,"Fri, Dec 18. 6AM - Sat 10:45PM",0592152550,nathanielkumi346@gmail.com
SUMMER SOIRÈE,Ozzies Beach Palace,"Sun, Feb 7. 2PM - Mon 7AM",+233547954882,homvags@gmail.com
Boat Cruise Party,Akosombo Boat Cruise,"Mon, May 10. 8AM - 2PM",0546043680,akosomboboatcruise@ail.com
POTS - PLANTS - PAINT,"Indulge Accra, Dade Street, Accra, Ghana","Mon, Mar 11. 8PM - Mon 11:30PM",,
THE ARTY WKND PARTY!,"TEN25 CAFE SHOP, Accra, Ghana","Sat, Mar 30. 4PM - Sat 8PM",,
Beatbunk Studio Recording Program - BSRP,Nsawam,"Fri, May 10. 6AM - Tue 7:45PM",0204602700,info@beatbunk.com
Akosombo Boat Cruise,Akosombo Boat Cruise,"Thu, May 29. 8AM - Tue 5PM",0546043680,akosomboboatcruise@ail.com
DJ Makosam Official,dghjkk,"Sat, Sep 20. 4AM - Fri 12AM",,
NTE Monthly Round-up,Virtual Event,"Mon, Sep 22. 3PM - Mon 4PM",,
R&R Wellness at Sandbox,Sandbox Beach Club,"Sat, Dec 27. 8:30AM - Wed 10AM",,
MIX IT & BRUNCH IT,Lotus Garden,"Wed, Jan 14. 1PM - Thu 11PM",,
SHAKE THE DANCEFLOOR NIGHT JAMS,HOTEL VI-CHANNEL ( London Bar Plaza),"Thu, Jan 15. 12PM - Thu 12PM",0240914212,collaborativeadultscircle@gmail.com
Love Jones Poetry Cafe @ Artopiia,Artopiia,"Sat, Jan 17. 7PM - Sat 10:30PM",0531709721,artopiia.gh@gmail.com
YOUNGHEART MOBILE LAB,Tema,"Thu, Jan 22. 12PM - Sat 11PM",,
Extasy House Party 1.0,Akoto villa,"Sun, Feb 1. 12PM - Thu 8PM",,
